{"AA": {"mean": 0.6, "std": 0.22607766610417562}, "AB": {"mean": 0.6, "std": 0.06236095644623234}, "AI": {"mean": 0.55, "std": 0.06666666666666667}, "AL": {"mean": 0.5, "std": 0.10540925533894596}, "AM": {"mean": 0.5, "std": 0.052704627669472995}, "AR": {"mean": 0.65, "std": 0.16996731711975951}, "AS": {"mean": 0.6166666666666667, "std": 0.1545603082582617}, "DK": {"mean": 0.7333333333333333, "std": 0.11055415967851331}, "DS": {"mean": 0.6666666666666666, "std": 0.22360679774997896}, "DT": {"mean": 0.75, "std": 0.07453559924999302}, "EI": {"mean": 0.5333333333333334, "std": 0.04082482904638632}, "ET": {"mean": 0.6, "std": 0.062360956446232345}, "FG": {"mean": 0.5333333333333334, "std": 0.08498365855987973}, "IM": {"mean": 0.85, "std": 0.06236095644623234}, "KS": {"mean": 0.4, "std": 0.16996731711975951}, "LJ": {"mean": 0.6166666666666667, "std": 0.2147349787787521}, "MK": {"mean": 0.55, "std": 0.20138409955990952}, "NB": {"mean": 0.9, "std": 0.06236095644623234}, "NH": {"mean": 0.6666666666666667, "std": 0.09128709291752769}, "NM": {"mean": 0.4833333333333333, "std": 0.1224744871391589}, "OK": {"mean": 0.7666666666666666, "std": 0.0816496580927726}, "SG": {"mean": 0.3666666666666667, "std": 0.11303883305208781}}