{"AA": 0.6, "AB": 0.6833333333333333, "AI": 0.7, "AL": 0.7166666666666667, "AM": 0.5333333333333334, "AR": 0.7833333333333333, "AS": 0.5666666666666667, "DK": 0.75, "DS": 0.85, "DT": 0.7000000000000001, "EI": 0.4666666666666667, "ET": 0.5833333333333334, "FG": 0.6666666666666667, "KS": 0.6499999999999999, "LJ": 0.7, "MK": 0.8166666666666667, "NB": 0.9166666666666666, "NH": 0.65, "NM": 0.5333333333333334, "OK": 0.95, "SG": 0.4666666666666667}