{"AA": 0.6, "AB": 0.7499999999999999, "AI": 0.6833333333333333, "AL": 0.7166666666666667, "AM": 0.5333333333333333, "AR": 0.7333333333333334, "AS": 0.5166666666666666, "DK": 0.8166666666666667, "DS": 0.8333333333333333, "DT": 0.8333333333333333, "EI": 0.5833333333333333, "ET": 0.6000000000000001, "FG": 0.6666666666666666, "KS": 0.5666666666666667, "LJ": 0.7333333333333333, "MK": 0.85, "NB": 0.9833333333333332, "NH": 0.6166666666666666, "NM": 0.6666666666666667, "OK": 0.9166666666666666, "SG": 0.4833333333333334}