{"AA": {"mean": 0.5, "std": 0.10540925533894598}, "AB": {"mean": 0.5666666666666667, "std": 0.062360956446232345}, "AI": {"mean": 0.55, "std": 0.04082482904638632}, "AL": {"mean": 0.6333333333333333, "std": 0.08498365855987973}, "AM": {"mean": 0.5, "std": 0.0912870929175277}, "AR": {"mean": 0.8, "std": 0.11303883305208778}, "AS": {"mean": 0.7166666666666666, "std": 0.19436506316151}, "DK": {"mean": 0.85, "std": 0.13333333333333336}, "DS": {"mean": 0.7666666666666667, "std": 0.08164965809277264}, "DT": {"mean": 0.8666666666666666, "std": 0.09999999999999999}, "EI": {"mean": 0.5666666666666667, "std": 0.09718253158075502}, "ET": {"mean": 0.6166666666666666, "std": 0.06666666666666665}, "FG": {"mean": 0.4666666666666666, "std": 0.06666666666666668}, "IM": {"mean": 0.7833333333333334, "std": 0.0666666666666667}, "KS": {"mean": 0.45, "std": 0.06666666666666668}, "LJ": {"mean": 0.7666666666666667, "std": 0.16158932858054428}, "MK": {"mean": 0.5666666666666667, "std": 0.13333333333333336}, "NB": {"mean": 0.9666666666666666, "std": 0.04082482904638632}, "NH": {"mean": 0.5833333333333333, "std": 0.17480147469502524}, "NM": {"mean": 0.5, "std": 0.052704627669472995}, "OK": {"mean": 0.8833333333333332, "std": 0.08498365855987973}, "SG": {"mean": 0.5333333333333334, "std": 0.11303883305208781}}