{"AA": 0.5666666666666667, "AB": 0.6833333333333333, "AI": 0.7333333333333333, "AL": 0.7333333333333333, "AM": 0.4833333333333333, "AR": 0.7333333333333334, "AS": 0.65, "DK": 0.8166666666666668, "DS": 0.8166666666666667, "DT": 0.8166666666666667, "EI": 0.7166666666666667, "ET": 0.5666666666666667, "FG": 0.7166666666666666, "KS": 0.5166666666666666, "LJ": 0.7833333333333334, "MK": 0.8833333333333334, "NB": 0.9833333333333332, "NH": 0.6000000000000001, "NM": 0.5333333333333334, "OK": 0.9333333333333333, "SG": 0.4666666666666667}