{"AA": {"mean": 0.4666666666666667, "std": 0.19436506316151003}, "AB": {"mean": 0.8, "std": 0.11303883305208781}, "AI": {"mean": 0.7833333333333333, "std": 0.11303883305208781}, "AL": {"mean": 0.7333333333333334, "std": 0.12247448713915891}, "AM": {"mean": 0.5666666666666667, "std": 0.1615893285805443}, "AR": {"mean": 0.7333333333333333, "std": 0.11055415967851331}, "AS": {"mean": 0.55, "std": 0.08498365855987973}, "DK": {"mean": 0.8666666666666668, "std": 0.1130388330520878}, "DS": {"mean": 0.8666666666666666, "std": 0.11303883305208781}, "DT": {"mean": 0.8833333333333334, "std": 0.11303883305208781}, "EI": {"mean": 0.7, "std": 0.08498365855987976}, "ET": {"mean": 0.7, "std": 0.08498365855987976}, "FG": {"mean": 0.8166666666666668, "std": 0.12247448713915889}, "IM": {"mean": 0.6, "std": 0.11055415967851333}, "KS": {"mean": 0.6000000000000001, "std": 0.033333333333333305}, "LJ": {"mean": 0.8, "std": 0.11303883305208781}, "MK": {"mean": 0.8666666666666666, "std": 0.09999999999999999}, "NB": {"mean": 0.9833333333333332, "std": 0.03333333333333335}, "NH": {"mean": 0.6833333333333332, "std": 0.033333333333333354}, "NM": {"mean": 0.5666666666666667, "std": 0.0816496580927726}, "OK": {"mean": 0.9833333333333332, "std": 0.03333333333333335}, "SG": {"mean": 0.5166666666666667, "std": 0.06236095644623237}}