{
    "AA": {
        "mean": 0.6333333333333333,
        "std": 0.19436506316151003
    },
    "AB": {
        "mean": 0.75,
        "std": 0.23570226039551587
    },
    "AI": {
        "mean": 0.5833333333333334,
        "std": 0.18257418583505536
    },
    "AL": {
        "mean": 0.7833333333333333,
        "std": 0.08498365855987976
    },
    "AM": {
        "mean": 0.4833333333333333,
        "std": 0.09718253158075502
    },
    "AR": {
        "mean": 0.7666666666666667,
        "std": 0.11055415967851333
    },
    "AS": {
        "mean": 0.5333333333333333,
        "std": 0.08498365855987973
    },
    "DK": {
        "mean": 0.7833333333333334,
        "std": 0.16329931618554522
    },
    "DS": {
        "mean": 0.8166666666666668,
        "std": 0.11055415967851334
    },
    "DT": {
        "mean": 0.8333333333333333,
        "std": 0.07453559924999298
    },
    "EI": {
        "mean": 0.65,
        "std": 0.06236095644623234
    },
    "ET": {
        "mean": 0.5833333333333333,
        "std": 0.1178511301977579
    },
    "FG": {
        "mean": 0.6666666666666666,
        "std": 0.09128709291752769
    },
    "IM": {
        "mean": 0.6500000000000001,
        "std": 0.12247448713915891
    },
    "KS": {
        "mean": 0.6166666666666667,
        "std": 0.15456030825826172
    },
    "LJ": {
        "mean": 0.75,
        "std": 0.10540925533894596
    },
    "MK": {
        "mean": 0.8666666666666666,
        "std": 0.09999999999999999
    },
    "NB": {
        "mean": 0.9833333333333332,
        "std": 0.03333333333333335
    },
    "NH": {
        "mean": 0.5999999999999999,
        "std": 0.0816496580927726
    },
    "NM": {
        "mean": 0.7000000000000001,
        "std": 0.09999999999999999
    },
    "OK": {
        "mean": 0.9666666666666666,
        "std": 0.04082482904638632
    },
    "SG": {
        "mean": 0.5166666666666666,
        "std": 0.13333333333333333
    }
}