{"AA": 0.3666666666666667, "AB": 0.7333333333333333, "AI": 0.7666666666666667, "AL": 0.6833333333333333, "AM": 0.6, "AR": 0.75, "AS": 0.6, "DK": 0.85, "DS": 0.9, "DT": 0.85, "EI": 0.5833333333333334, "ET": 0.7166666666666667, "FG": 0.7999999999999999, "KS": 0.5833333333333334, "LJ": 0.7333333333333333, "MK": 0.85, "NB": 0.9666666666666666, "NH": 0.7833333333333334, "NM": 0.6166666666666666, "OK": 1.0, "SG": 0.4666666666666667}