{
    "AA": 0.6333333333333333,
    "AB": 0.75,
    "AI": 0.5833333333333334,
    "AL": 0.7833333333333333,
    "AM": 0.4833333333333333,
    "AR": 0.7666666666666667,
    "AS": 0.5333333333333333,
    "DK": 0.7833333333333334,
    "DS": 0.8166666666666668,
    "DT": 0.8333333333333333,
    "EI": 0.65,
    "ET": 0.5833333333333333,
    "FG": 0.6666666666666666,
    "KS": 0.6166666666666667,
    "LJ": 0.75,
    "MK": 0.8666666666666666,
    "NB": 0.9833333333333332,
    "NH": 0.5999999999999999,
    "NM": 0.7000000000000001,
    "OK": 0.9666666666666666,
    "SG": 0.5166666666666666
}