{"AA": {"mean": 0.5666666666666667, "std": 0.13333333333333333, "threshold": 25}, "AB": {"mean": 0.36666666666666664, "std": 0.12472191289246473, "threshold": -29}, "AI": {"mean": 0.4166666666666667, "std": 0.14907119849998599, "threshold": -47}, "AL": {"mean": 0.36666666666666664, "std": 0.12472191289246472, "threshold": -48}, "AM": {"mean": 0.45, "std": 0.04082482904638629, "threshold": -60}, "AR": {"mean": 0.4833333333333333, "std": 0.033333333333333326, "threshold": 42}, "AS": {"mean": 0.45, "std": 0.1247219128924647, "threshold": -19}, "DK": {"mean": 0.5166666666666666, "std": 0.08164965809277257, "threshold": -60}, "DS": {"mean": 0.4666666666666667, "std": 0.04082482904638629, "threshold": 77}, "DT": {"mean": 0.4666666666666667, "std": 0.06666666666666668, "threshold": 77}, "EI": {"mean": 0.36666666666666664, "std": 0.13540064007726602, "threshold": -6}, "ET": {"mean": 0.4666666666666667, "std": 0.17950549357115014, "threshold": -56}, "FG": {"mean": 0.5166666666666667, "std": 0.06236095644623237, "threshold": 60}, "IM": {"mean": 0.5833333333333334, "std": 0.13944333775567927, "threshold": 0}, "KS": {"mean": 0.6333333333333334, "std": 0.13540064007726602, "threshold": 13}, "LJ": {"mean": 0.4166666666666667, "std": 0.10540925533894599, "threshold": -56}, "MK": {"mean": 0.45, "std": 0.06666666666666668, "threshold": 43}, "NB": {"mean": 0.45, "std": 0.04082482904638629, "threshold": 70}, "NH": {"mean": 0.4333333333333334, "std": 0.06236095644623236, "threshold": 43}, "NM": {"mean": 0.5, "std": 0.0, "threshold": -24}, "OK": {"mean": 0.5833333333333334, "std": 0.05270462766947298, "threshold": 35}, "SG": {"mean": 0.55, "std": 0.08498365855987973, "threshold": 41}}