{"AA": 0.4666666666666667, "AB": 0.8, "AI": 0.7833333333333333, "AL": 0.7333333333333334, "AM": 0.5666666666666667, "AR": 0.7333333333333333, "AS": 0.55, "DK": 0.8666666666666668, "DS": 0.8666666666666666, "DT": 0.8833333333333334, "EI": 0.7, "ET": 0.7, "FG": 0.8166666666666668, "KS": 0.6000000000000001, "LJ": 0.8, "MK": 0.8666666666666666, "NB": 0.9833333333333332, "NH": 0.6833333333333332, "NM": 0.5666666666666667, "OK": 0.9833333333333332, "SG": 0.5166666666666667}