{"AA": 0.33333333333333337, "AB": 0.7666666666666666, "AI": 0.7333333333333334, "AL": 0.7333333333333334, "AM": 0.6, "AR": 0.75, "AS": 0.5833333333333333, "DK": 0.8333333333333334, "DS": 0.8833333333333334, "DT": 0.8833333333333334, "EI": 0.6333333333333333, "ET": 0.7166666666666667, "FG": 0.8, "KS": 0.6166666666666667, "LJ": 0.7666666666666666, "MK": 0.85, "NB": 0.9833333333333332, "NH": 0.8166666666666668, "NM": 0.6, "OK": 1.0, "SG": 0.5}