{"AA": {"mean": 0.5, "std": 0.0}, "AB": {"mean": 0.7333333333333334, "std": 0.21343747458109494}, "AI": {"mean": 0.7666666666666666, "std": 0.09718253158075502}, "AL": {"mean": 0.7666666666666666, "std": 0.09718253158075502}, "AM": {"mean": 0.5499999999999999, "std": 0.14529663145135574}, "AR": {"mean": 0.7166666666666667, "std": 0.06666666666666667}, "AS": {"mean": 0.5833333333333333, "std": 0.10540925533894598}, "DK": {"mean": 0.85, "std": 0.097182531580755}, "DS": {"mean": 0.85, "std": 0.11055415967851333}, "DT": {"mean": 0.85, "std": 0.09718253158075502}, "EI": {"mean": 0.7833333333333333, "std": 0.08498365855987976}, "ET": {"mean": 0.6499999999999999, "std": 0.0816496580927726}, "FG": {"mean": 0.7166666666666667, "std": 0.06666666666666665}, "IM": {"mean": 0.6, "std": 0.06236095644623234}, "KS": {"mean": 0.4833333333333334, "std": 0.14337208778404378}, "LJ": {"mean": 0.8333333333333334, "std": 0.09128709291752769}, "MK": {"mean": 0.8666666666666666, "std": 0.09999999999999999}, "NB": {"mean": 0.9833333333333332, "std": 0.03333333333333335}, "NH": {"mean": 0.5166666666666667, "std": 0.06236095644623237}, "NM": {"mean": 0.6833333333333333, "std": 0.11055415967851334}, "OK": {"mean": 0.95, "std": 0.06666666666666667}, "SG": {"mean": 0.4833333333333334, "std": 0.06236095644623236}}