{"AA": 0.4666666666666666, "AB": 0.6333333333333333, "AI": 0.6, "AL": 0.55, "AM": 0.6833333333333333, "AR": 0.7666666666666666, "AS": 0.4333333333333333, "DK": 0.65, "DS": 0.7833333333333333, "DT": 0.7, "EI": 0.5, "ET": 0.6333333333333333, "FG": 0.6666666666666666, "KS": 0.5333333333333334, "LJ": 0.6000000000000001, "MK": 0.7500000000000001, "NB": 0.9666666666666666, "NH": 0.6, "NM": 0.45, "OK": 0.95, "SG": 0.55}