{"AA": {"mean": 0.6, "std": 0.16996731711975951}, "AB": {"mean": 0.7833333333333333, "std": 0.135400640077266}, "AI": {"mean": 0.7833333333333333, "std": 0.08498365855987976}, "AL": {"mean": 0.7166666666666666, "std": 0.04082482904638632}, "AM": {"mean": 0.55, "std": 0.08498365855987973}, "AR": {"mean": 0.8, "std": 0.08498365855987976}, "AS": {"mean": 0.5166666666666667, "std": 0.097182531580755}, "DK": {"mean": 0.8666666666666668, "std": 0.1130388330520878}, "DS": {"mean": 0.85, "std": 0.11055415967851333}, "DT": {"mean": 0.8333333333333334, "std": 0.09128709291752769}, "EI": {"mean": 0.6333333333333333, "std": 0.08498365855987973}, "ET": {"mean": 0.7166666666666667, "std": 0.08498365855987976}, "FG": {"mean": 0.7833333333333334, "std": 0.11303883305208778}, "IM": {"mean": 0.5, "std": 0.1178511301977579}, "KS": {"mean": 0.6833333333333333, "std": 0.09718253158075502}, "LJ": {"mean": 0.8166666666666668, "std": 0.11055415967851334}, "MK": {"mean": 0.8666666666666666, "std": 0.13540064007726602}, "NB": {"mean": 0.9833333333333332, "std": 0.03333333333333335}, "NH": {"mean": 0.65, "std": 0.033333333333333305}, "NM": {"mean": 0.6166666666666666, "std": 0.11303883305208778}, "OK": {"mean": 0.9666666666666668, "std": 0.06666666666666665}, "SG": {"mean": 0.5666666666666667, "std": 0.1224744871391589}}