{"AA": 0.5, "AB": 0.7333333333333334, "AI": 0.7666666666666666, "AL": 0.7666666666666666, "AM": 0.5499999999999999, "AR": 0.7166666666666667, "AS": 0.5833333333333333, "DK": 0.85, "DS": 0.85, "DT": 0.85, "EI": 0.7833333333333333, "ET": 0.6499999999999999, "FG": 0.7166666666666667, "KS": 0.4833333333333334, "LJ": 0.8333333333333334, "MK": 0.8666666666666666, "NB": 0.9833333333333332, "NH": 0.5166666666666667, "NM": 0.6833333333333333, "OK": 0.95, "SG": 0.4833333333333334}