{"AA": {"mean": 0.5, "std": 0.23570226039551587}, "AB": {"mean": 0.5333333333333333, "std": 0.15456030825826172}, "AI": {"mean": 0.7666666666666666, "std": 0.13333333333333333}, "AL": {"mean": 0.65, "std": 0.14337208778404378}, "AM": {"mean": 0.6166666666666667, "std": 0.135400640077266}, "AR": {"mean": 0.8166666666666668, "std": 0.06236095644623235}, "AS": {"mean": 0.6333333333333333, "std": 0.1545603082582617}, "DK": {"mean": 0.8, "std": 0.1632993161855452}, "DS": {"mean": 0.9, "std": 0.0816496580927726}, "DT": {"mean": 0.8833333333333334, "std": 0.11303883305208781}, "EI": {"mean": 0.5, "std": 0.2173067468400883}, "ET": {"mean": 0.55, "std": 0.08498365855987973}, "FG": {"mean": 0.4666666666666666, "std": 0.14529663145135577}, "IM": {"mean": 0.8666666666666666, "std": 0.1130388330520878}, "KS": {"mean": 0.45, "std": 0.12472191289246469}, "LJ": {"mean": 0.8166666666666667, "std": 0.1224744871391589}, "MK": {"mean": 0.9, "std": 0.097182531580755}, "NB": {"mean": 0.9833333333333332, "std": 0.03333333333333335}, "NH": {"mean": 0.4666666666666667, "std": 0.11303883305208783}, "NM": {"mean": 0.5333333333333334, "std": 0.13540064007726602}, "OK": {"mean": 0.9833333333333332, "std": 0.03333333333333335}, "SG": {"mean": 0.5666666666666667, "std": 0.19293061504650377}}