{"AA": {"mean": 0.4666666666666666, "std": 0.06666666666666668}, "AB": {"mean": 0.7666666666666667, "std": 0.09718253158075502}, "AI": {"mean": 0.8166666666666667, "std": 0.21343747458109494}, "AL": {"mean": 0.7333333333333334, "std": 0.12247448713915891}, "AM": {"mean": 0.4333333333333333, "std": 0.16158932858054428}, "AR": {"mean": 0.8333333333333334, "std": 0.07453559924999298}, "AS": {"mean": 0.6333333333333333, "std": 0.1715938356831167}, "DK": {"mean": 0.7999999999999999, "std": 0.13540064007726602}, "DS": {"mean": 0.9333333333333333, "std": 0.062360956446232345}, "DT": {"mean": 0.9, "std": 0.08164965809277258}, "EI": {"mean": 0.6500000000000001, "std": 0.12247448713915891}, "ET": {"mean": 0.6499999999999999, "std": 0.033333333333333305}, "FG": {"mean": 0.7333333333333334, "std": 0.08164965809277258}, "KS": {"mean": 0.5166666666666666, "std": 0.16158932858054428}, "LJ": {"mean": 0.8, "std": 0.06666666666666667}, "MK": {"mean": 0.8666666666666666, "std": 0.11303883305208781}, "NB": {"mean": 0.95, "std": 0.06666666666666667}, "NH": {"mean": 0.6, "std": 0.13333333333333336}, "NM": {"mean": 0.7333333333333333, "std": 0.062360956446232386}, "OK": {"mean": 0.9666666666666668, "std": 0.06666666666666665}, "SG": {"mean": 0.6666666666666667, "std": 0.17480147469502527}}