{"AA": 0.4666666666666666, "AB": 0.4833333333333334, "AI": 0.4833333333333334, "AL": 0.5, "AM": 0.5166666666666666, "AR": 0.7666666666666667, "AS": 0.5, "DK": 0.7999999999999999, "DS": 0.7, "DT": 0.5833333333333333, "EI": 0.4833333333333334, "ET": 0.5333333333333334, "FG": 0.5333333333333333, "KS": 0.55, "LJ": 0.55, "MK": 0.4833333333333334, "NB": 0.5666666666666667, "NH": 0.5333333333333334, "NM": 0.5333333333333334, "OK": 0.5333333333333334, "SG": 0.5}