{
    "AA": {
        "0": 0.45277777777777783,
        "1": 0.5361111111111111,
        "2": 0.7,
        "3": 0.38333333333333336,
        "4": 0.4138888888888889,
        "5": 0.6416666666666668,
        "6": 0.5,
        "7": 0.6416666666666667,
        "best_freq": [
            13,
            20
        ],
        "best_score": 0.7
    },
    "AB": {
        "0": 0.4753968253968253,
        "1": 0.5525396825396826,
        "2": 0.41873015873015873,
        "3": 0.6080952380952381,
        "4": 0.5298412698412698,
        "5": 0.5141269841269842,
        "6": 0.5423809523809524,
        "7": 0.6692063492063492,
        "best_freq": [
            10,
            16
        ],
        "best_score": 0.6692063492063492
    },
    "AI": {
        "0": 0.5444444444444445,
        "1": 0.4750793650793651,
        "2": 0.37476190476190474,
        "3": 0.4134920634920635,
        "4": 0.4758730158730159,
        "5": 0.48587301587301585,
        "6": 0.8488888888888889,
        "7": 0.3914285714285714,
        "best_freq": [
            8,
            26
        ],
        "best_score": 0.8488888888888889
    },
    "AL": {
        "0": 0.3888888888888889,
        "1": 0.34444444444444444,
        "2": 0.6555555555555556,
        "3": 0.45,
        "4": 0.4222222222222222,
        "5": 0.6444444444444445,
        "6": 0.788888888888889,
        "7": 0.5166666666666666,
        "best_freq": [
            8,
            26
        ],
        "best_score": 0.788888888888889
    },
    "AM": {
        "0": 0.4166666666666667,
        "1": 0.4888888888888888,
        "2": 0.6444444444444445,
        "3": 0.4444444444444445,
        "4": 0.5277777777777778,
        "5": 0.5000000000000001,
        "6": 0.7333333333333333,
        "7": 0.45,
        "best_freq": [
            8,
            26
        ],
        "best_score": 0.7333333333333333
    },
    "AR": {
        "0": 0.5444444444444445,
        "1": 0.5333333333333333,
        "2": 0.5333333333333334,
        "3": 0.6277777777777778,
        "4": 0.6,
        "5": 0.5277777777777778,
        "6": 0.8944444444444445,
        "7": 0.3055555555555556,
        "best_freq": [
            8,
            26
        ],
        "best_score": 0.8944444444444445
    },
    "AS": {
        "0": 0.6196825396825396,
        "1": 0.436031746031746,
        "2": 0.5314285714285714,
        "3": 0.6528571428571428,
        "4": 0.4636507936507936,
        "5": 0.4647619047619048,
        "6": 0.45206349206349206,
        "7": 0.3792063492063492,
        "best_freq": [
            20,
            26
        ],
        "best_score": 0.6528571428571428
    },
    "DK": {
        "0": 0.47222222222222215,
        "1": 0.4611111111111111,
        "2": 0.4666666666666667,
        "3": 0.6611111111111112,
        "4": 0.638888888888889,
        "5": 0.8222222222222223,
        "6": 0.7444444444444445,
        "7": 0.6277777777777778,
        "best_freq": [
            13,
            26
        ],
        "best_score": 0.8222222222222223
    },
    "DS": {
        "0": 0.5222222222222224,
        "1": 0.6444444444444445,
        "2": 0.31666666666666665,
        "3": 0.4666666666666667,
        "4": 0.5944444444444444,
        "5": 0.9277777777777778,
        "6": 0.95,
        "7": 0.49444444444444446,
        "best_freq": [
            8,
            26
        ],
        "best_score": 0.95
    },
    "DT": {
        "0": 0.5252380952380952,
        "1": 0.4966666666666667,
        "2": 0.5876190476190477,
        "3": 0.3684126984126984,
        "4": 0.5476190476190477,
        "5": 0.961111111111111,
        "6": 0.8765079365079366,
        "7": 0.6692063492063491,
        "best_freq": [
            13,
            26
        ],
        "best_score": 0.961111111111111
    },
    "EI": {
        "0": 0.5976190476190475,
        "1": 0.5541269841269841,
        "2": 0.30698412698412697,
        "3": 0.5593650793650793,
        "4": 0.42587301587301585,
        "5": 0.5180952380952382,
        "6": 0.5468253968253969,
        "7": 0.5704761904761905,
        "best_freq": [
            8,
            10
        ],
        "best_score": 0.5976190476190475
    },
    "ET": {
        "0": 0.5658730158730159,
        "1": 0.5293650793650794,
        "2": 0.6511111111111111,
        "3": 0.4231746031746032,
        "4": 0.4106349206349207,
        "5": 0.6336507936507936,
        "6": 0.7804761904761905,
        "7": 0.36444444444444446,
        "best_freq": [
            8,
            26
        ],
        "best_score": 0.7804761904761905
    },
    "FG": {
        "0": 0.48619047619047623,
        "1": 0.513968253968254,
        "2": 0.41380952380952385,
        "3": 0.4182539682539682,
        "4": 0.40888888888888886,
        "5": 0.536984126984127,
        "6": 0.5482539682539682,
        "7": 0.3915873015873016,
        "best_freq": [
            8,
            26
        ],
        "best_score": 0.5482539682539682
    },
    "IM": {
        "0": 0.6333333333333334,
        "1": 0.3888888888888889,
        "2": 0.5111111111111112,
        "3": 0.42777777777777776,
        "4": 0.4833333333333333,
        "5": 0.9166666666666666,
        "6": 0.8333333333333333,
        "7": 0.4611111111111111,
        "best_freq": [
            13,
            26
        ],
        "best_score": 0.9166666666666666
    },
    "KS": {
        "0": 0.616031746031746,
        "1": 0.3907936507936508,
        "2": 0.5717460317460318,
        "3": 0.3923809523809524,
        "4": 0.5868253968253968,
        "5": 0.513968253968254,
        "6": 0.5412698412698412,
        "7": 0.5466666666666666,
        "best_freq": [
            8,
            10
        ],
        "best_score": 0.616031746031746
    },
    "LJ": {
        "0": 0.6257142857142857,
        "1": 0.35,
        "2": 0.5649206349206348,
        "3": 0.48507936507936505,
        "4": 0.4974603174603175,
        "5": 0.7711111111111111,
        "6": 0.6592063492063492,
        "7": 0.5765079365079365,
        "best_freq": [
            13,
            26
        ],
        "best_score": 0.7711111111111111
    },
    "MK": {
        "0": 0.6101587301587302,
        "1": 0.39746031746031746,
        "2": 0.47365079365079366,
        "3": 0.43047619047619057,
        "4": 0.4136507936507937,
        "5": 0.9722222222222221,
        "6": 0.9611111111111112,
        "7": 0.6815873015873015,
        "best_freq": [
            13,
            26
        ],
        "best_score": 0.9722222222222221
    },
    "NB": {
        "0": 0.4296825396825398,
        "1": 0.3915873015873016,
        "2": 0.47984126984126985,
        "3": 0.39555555555555555,
        "4": 0.4746031746031746,
        "5": 0.9944444444444445,
        "6": 1.0,
        "7": 0.6925396825396826,
        "best_freq": [
            8,
            26
        ],
        "best_score": 1.0
    },
    "NH": {
        "0": 0.48238095238095247,
        "1": 0.37142857142857144,
        "2": 0.46031746031746035,
        "3": 0.5385714285714285,
        "4": 0.46841269841269845,
        "5": 0.6517460317460319,
        "6": 0.6504761904761904,
        "7": 0.42253968253968255,
        "best_freq": [
            13,
            26
        ],
        "best_score": 0.6517460317460319
    },
    "NM": {
        "0": 0.55,
        "1": 0.5561904761904761,
        "2": 0.36365079365079367,
        "3": 0.756984126984127,
        "4": 0.4488888888888889,
        "5": 0.5738095238095238,
        "6": 0.5223809523809524,
        "7": 0.5342857142857143,
        "best_freq": [
            20,
            26
        ],
        "best_score": 0.756984126984127
    },
    "OK": {
        "0": 0.4882539682539683,
        "1": 0.36984126984126986,
        "2": 0.6573015873015873,
        "3": 0.5341269841269842,
        "4": 0.41047619047619044,
        "5": 0.9831746031746033,
        "6": 0.9944444444444445,
        "7": 0.6799999999999999,
        "best_freq": [
            8,
            26
        ],