{
    "AA": {
        "best_freq": [
            8,
            10
        ],
        "best_score": 0.6166666666666667,
        "0": 0.6166666666666667,
        "1": 0.4555555555555556,
        "2": 0.3861111111111111,
        "3": 0.49722222222222234,
        "4": 0.5250000000000001,
        "5": 0.4333333333333333,
        "6": 0.24722222222222223,
        "7": 0.36388888888888893
    },
    "AB": {
        "best_freq": [
            8,
            26
        ],
        "best_score": 0.6090476190476191,
        "0": 0.5319047619047619,
        "1": 0.43428571428571433,
        "2": 0.39634920634920634,
        "3": 0.5020634920634921,
        "4": 0.5926984126984127,
        "5": 0.47333333333333333,
        "6": 0.6090476190476191,
        "7": 0.5255555555555556
    },
    "AI": {
        "best_freq": [
            8,
            26
        ],
        "best_score": 0.8944444444444445,
        "0": 0.3525396825396826,
        "1": 0.5301587301587303,
        "2": 0.7084126984126985,
        "3": 0.6976190476190476,
        "4": 0.5647619047619048,
        "5": 0.8207936507936509,
        "6": 0.8944444444444445,
        "7": 0.49111111111111116
    },
    "AL": {
        "best_freq": [
            13,
            26
        ],
        "best_score": 0.8055555555555556,
        "0": 0.47777777777777775,
        "1": 0.4666666666666667,
        "2": 0.3555555555555555,
        "3": 0.7944444444444445,
        "4": 0.45,
        "5": 0.8055555555555556,
        "6": 0.6722222222222223,
        "7": 0.4833333333333334
    },
    "AM": {
        "best_freq": [
            8,
            26
        ],
        "best_score": 0.65,
        "0": 0.5944444444444444,
        "1": 0.4333333333333334,
        "2": 0.4166666666666667,
        "3": 0.6388888888888891,
        "4": 0.45,
        "5": 0.6333333333333334,
        "6": 0.65,
        "7": 0.65
    },
    "AR": {
        "best_freq": [
            8,
            26
        ],
        "best_score": 0.9111111111111112,
        "0": 0.5944444444444444,
        "1": 0.6333333333333334,
        "2": 0.8333333333333334,
        "3": 0.6611111111111111,
        "4": 0.6555555555555557,
        "5": 0.8611111111111113,
        "6": 0.9111111111111112,
        "7": 0.711111111111111
    },
    "AS": {
        "best_freq": [
            8,
            13
        ],
        "best_score": 0.7704761904761905,
        "0": 0.6758730158730158,
        "1": 0.4576190476190477,
        "2": 0.7200000000000001,
        "3": 0.5358730158730158,
        "4": 0.7704761904761905,
        "5": 0.5198412698412698,
        "6": 0.48,
        "7": 0.630952380952381
    },
    "DK": {
        "best_freq": [
            13,
            26
        ],
        "best_score": 0.8555555555555557,
        "0": 0.5611111111111111,
        "1": 0.5722222222222223,
        "2": 0.6555555555555556,
        "3": 0.65,
        "4": 0.5055555555555555,
        "5": 0.8555555555555557,
        "6": 0.7333333333333334,
        "7": 0.49444444444444446
    },
    "DS": {
        "best_freq": [
            20,
            26
        ],
        "best_score": 1.0,
        "0": 0.43888888888888894,
        "1": 0.4611111111111111,
        "2": 0.6722222222222222,
        "3": 1.0,
        "4": 0.4,
        "5": 0.9777777777777779,
        "6": 0.9555555555555555,
        "7": 0.3388888888888889
    },
    "DT": {
        "best_freq": [
            20,
            26
        ],
        "best_score": 0.9163492063492062,
        "0": 0.49190476190476196,
        "1": 0.3798412698412698,
        "2": 0.4895238095238096,
        "3": 0.9163492063492062,
        "4": 0.4693650793650794,
        "5": 0.8720634920634922,
        "6": 0.8777777777777779,
        "7": 0.31857142857142856
    },
    "EI": {
        "best_freq": [
            20,
            26
        ],
        "best_score": 0.6766666666666667,
        "0": 0.41380952380952374,
        "1": 0.38603174603174606,
        "2": 0.42936507936507934,
        "3": 0.6766666666666667,
        "4": 0.5704761904761904,
        "5": 0.5750793650793651,
        "6": 0.5571428571428572,
        "7": 0.30746031746031743
    },
    "ET": {
        "best_freq": [
            20,
            26
        ],
        "best_score": 0.8125396825396825,
        "0": 0.34158730158730155,
        "1": 0.6244444444444445,
        "2": 0.7528571428571429,
        "3": 0.8125396825396825,
        "4": 0.4925396825396825,
        "5": 0.7195238095238095,
        "6": 0.7652380952380953,
        "7": 0.5133333333333333
    },
    "FG": {
        "best_freq": [
            8,
            13
        ],
        "best_score": 0.5415873015873016,
        "0": 0.49142857142857144,
        "1": 0.46841269841269845,
        "2": 0.48111111111111116,
        "3": 0.4619047619047619,
        "4": 0.5415873015873016,
        "5": 0.473968253968254,
        "6": 0.43206349206349215,
        "7": 0.475079365079365
    },
    "IM": {
        "best_freq": [
            13,
            26
        ],
        "best_score": 0.9222222222222222,
        "0": 0.6333333333333334,
        "1": 0.7333333333333334,
        "2": 0.9,
        "3": 0.8777777777777779,
        "4": 0.7944444444444445,
        "5": 0.9222222222222222,
        "6": 0.8333333333333334,
        "7": 0.8388888888888889
    },
    "KS": {
        "best_freq": [
            13,
            20
        ],
        "best_score": 0.6371428571428572,
        "0": 0.47984126984126985,
        "1": 0.5417460317460318,
        "2": 0.6371428571428572,
        "3": 0.6309523809523808,
        "4": 0.4303174603174603,
        "5": 0.6019047619047619,
        "6": 0.4642857142857143,
        "7": 0.42968253968253967
    },
    "LJ": {
        "best_freq": [
            13,
            26
        ],
        "best_score": 0.7766666666666667,
        "0": 0.48761904761904756,
        "1": 0.3674603174603175,
        "2": 0.6323809523809525,
        "3": 0.754920634920635,
        "4": 0.6074603174603175,
        "5": 0.7766666666666667,
        "6": 0.5147619047619048,
        "7": 0.5293650793650795
    },
    "MK": {
        "best_freq": [
            20,
            26
        ],
        "best_score": 0.961111111111111,
        "0": 0.39269841269841266,
        "1": 0.6073015873015873,
        "2": 0.4201587301587302,
        "3": 0.961111111111111,
        "4": 0.5695238095238094,
        "5": 0.9546031746031746,
        "6": 0.6525396825396825,
        "7": 0.580952380952381
    },
    "NB": {
        "best_freq": [
            20,
            26
        ],
        "best_score": 1.0,
        "0": 0.5650793650793651,
        "1": 0.6695238095238095,
        "2": 0.9888888888888889,
        "3": 1.0,
        "4": 0.7822222222222222,
        "5": 1.0,
        "6": 1.0,
        "7": 0.8873015873015874
    },
    "NH": {
        "best_freq": [
            13,
            20
        ],
        "best_score": 0.865079365079365,
        "0": 0.5850793650793651,
        "1": 0.7755555555555557,
        "2": 0.865079365079365,
        "3": 0.7371428571428571,
        "4": 0.8366666666666667,
        "5": 0.6984126984126984,
        "6": 0.797936507936508,
        "7": 0.8419047619047619
    },
    "NM": {
        "best_freq": [
            10,
            13
        ],
        "best_score": 0.6687301587301587,
        "0": 0.5946031746031746,
        "1": 0.6687301587301587,
        "2": 0.6061904761904763,
        "3": 0.6079365079365079,
        "4": 0.5047619047619047,
        "5": 0.6238095238095239,
        "6": 0.5782539682539682,
        "7": 0.612063492063492
    },
    "OK": {
        "best_freq": [
            20,
            26
        ],
        "best_score": 1.0,
        "0": 0.7803174603174604,
        "1": 0.6001587301587302,
        "2": 0.9320634920634919,
        "3": 1.0,
        "4": 0.883015873015873,
        "5": 0.9777777777777779,
        "6": 0.9944444444444445,
        "7": 0.8704761904761906
    },