{"AA": 0.6, "AB": 0.5999999999999999, "AI": 0.5666666666666667, "AL": 0.7, "AM": 0.4666666666666667, "AR": 0.6833333333333333, "AS": 0.45, "DK": 0.7333333333333334, "DS": 0.75, "DT": 0.8333333333333333, "EI": 0.55, "ET": 0.65, "FG": 0.6499999999999999, "KS": 0.6166666666666667, "LJ": 0.7166666666666667, "MK": 0.85, "NB": 0.9833333333333332, "NH": 0.4833333333333333, "NM": 0.5833333333333333, "OK": 0.95, "SG": 0.5}