{"AA": 0.6333333333333333, "AB": 0.75, "AI": 0.5833333333333334, "AL": 0.7833333333333333, "AM": 0.4833333333333333}