{"AA": 0.6, "AB": 0.7833333333333333, "AI": 0.7833333333333333, "AL": 0.7166666666666666, "AM": 0.55, "AR": 0.8, "AS": 0.5166666666666667, "DK": 0.8666666666666668, "DS": 0.85, "DT": 0.8333333333333334, "EI": 0.6333333333333333, "ET": 0.7166666666666667, "FG": 0.7833333333333334, "KS": 0.6833333333333333, "LJ": 0.8166666666666668, "MK": 0.8666666666666666, "NB": 0.9833333333333332, "NH": 0.65, "NM": 0.6166666666666666, "OK": 0.9666666666666668, "SG": 0.5666666666666667}