{
    "AA": {
        "0": 0.5,
        "1": 0.4666666666666666,
        "2": 0.4333333333333333,
        "3": 0.5333333333333333,
        "4": 0.39999999999999997,
        "5": 0.6333333333333333,
        "6": 0.6,
        "7": 0.3,
        "best_freq": [
            13,
            26
        ],
        "best_score": 0.6333333333333333
    },
    "AB": {
        "0": 0.5833333333333333,
        "1": 0.5166666666666666,
        "2": 0.45,
        "3": 0.4833333333333333,
        "4": 0.5166666666666667,
        "5": 0.5166666666666667,
        "6": 0.5,
        "7": 0.4166666666666667,
        "best_freq": [
            8,
            10
        ],
        "best_score": 0.5833333333333333
    },
    "AI": {
        "0": 0.5,
        "1": 0.55,
        "2": 0.36666666666666664,
        "3": 0.4666666666666667,
        "4": 0.5333333333333333,
        "5": 0.4333333333333334,
        "6": 0.7666666666666666,
        "7": 0.5666666666666667,
        "best_freq": [
            8,
            26
        ],
        "best_score": 0.7666666666666666
    },
    "AL": {
        "0": 0.45,
        "1": 0.5,
        "2": 0.55,
        "3": 0.4833333333333334,
        "4": 0.4666666666666666,
        "5": 0.5833333333333333,
        "6": 0.7499999999999999,
        "7": 0.36666666666666664,
        "best_freq": [
            8,
            26
        ],
        "best_score": 0.7499999999999999
    },
    "AM": {
        "0": 0.5166666666666667,
        "1": 0.5333333333333333,
        "2": 0.5666666666666667,
        "3": 0.5,
        "4": 0.6000000000000001,
        "5": 0.4833333333333334,
        "6": 0.5666666666666667,
        "7": 0.55,
        "best_freq": [
            8,
            13
        ],
        "best_score": 0.6000000000000001
    },
    "AR": {
        "0": 0.55,
        "1": 0.4333333333333333,
        "2": 0.4666666666666667,
        "3": 0.5166666666666667,
        "4": 0.5666666666666667,
        "5": 0.5666666666666667,
        "6": 0.8,
        "7": 0.3833333333333333,
        "best_freq": [
            8,
            26
        ],
        "best_score": 0.8
    },
    "AS": {
        "0": 0.6666666666666667,
        "1": 0.4666666666666667,
        "2": 0.5166666666666666,
        "3": 0.4833333333333334,
        "4": 0.6833333333333333,
        "5": 0.4166666666666667,
        "6": 0.4666666666666667,
        "7": 0.4333333333333333,
        "best_freq": [
            8,
            13
        ],
        "best_score": 0.6833333333333333
    },
    "DK": {
        "0": 0.5666666666666667,
        "1": 0.4666666666666667,
        "2": 0.5166666666666667,
        "3": 0.5333333333333334,
        "4": 0.4833333333333333,
        "5": 0.7833333333333333,
        "6": 0.7166666666666667,
        "7": 0.4833333333333334,
        "best_freq": [
            13,
            26
        ],
        "best_score": 0.7833333333333333
    },
    "DS": {
        "0": 0.4833333333333334,
        "1": 0.5333333333333334,
        "2": 0.4166666666666667,
        "3": 0.5166666666666667,
        "4": 0.4833333333333334,
        "5": 0.7999999999999999,
        "6": 0.9,
        "7": 0.35000000000000003,
        "best_freq": [
            8,
            26
        ],
        "best_score": 0.9
    },
    "DT": {
        "0": 0.5666666666666667,
        "1": 0.5166666666666667,
        "2": 0.7,
        "3": 0.4833333333333334,
        "4": 0.45,
        "5": 0.9,
        "6": 0.8,
        "7": 0.6833333333333333,
        "best_freq": [
            13,
            26
        ],
        "best_score": 0.9
    },
    "EI": {
        "0": 0.5833333333333334,
        "1": 0.55,
        "2": 0.45,
        "3": 0.38333333333333336,
        "4": 0.5666666666666667,
        "5": 0.5166666666666667,
        "6": 0.4833333333333333,
        "7": 0.26666666666666666,
        "best_freq": [
            8,
            10
        ],
        "best_score": 0.5833333333333334
    },
    "ET": {
        "0": 0.4833333333333334,
        "1": 0.5,
        "2": 0.4999999999999999,
        "3": 0.5666666666666667,
        "4": 0.4833333333333333,
        "5": 0.4833333333333334,
        "6": 0.65,
        "7": 0.4333333333333333,
        "best_freq": [
            8,
            26
        ],
        "best_score": 0.65
    },
    "FG": {
        "0": 0.45,
        "1": 0.4833333333333333,
        "2": 0.4833333333333333,
        "3": 0.4666666666666666,
        "4": 0.5666666666666667,
        "5": 0.5666666666666667,
        "6": 0.4833333333333333,
        "7": 0.45,
        "best_freq": [
            8,
            13
        ],
        "best_score": 0.5666666666666667
    },
    "IM": {
        "0": 0.5833333333333334,
        "1": 0.4833333333333334,
        "2": 0.45,
        "3": 0.5666666666666667,
        "4": 0.4833333333333333,
        "5": 0.6833333333333333,
        "6": 0.7999999999999999,
        "7": 0.4666666666666667,
        "best_freq": [
            8,
            26
        ],
        "best_score": 0.7999999999999999
    },
    "KS": {
        "0": 0.5,
        "1": 0.5166666666666666,
        "2": 0.55,
        "3": 0.36666666666666664,
        "4": 0.5833333333333333,
        "5": 0.5,
        "6": 0.4833333333333333,
        "7": 0.5833333333333334,
        "best_freq": [
            10,
            16
        ],
        "best_score": 0.5833333333333334
    },
    "LJ": {
        "0": 0.5166666666666667,
        "1": 0.41666666666666663,
        "2": 0.5333333333333334,
        "3": 0.4666666666666667,
        "4": 0.55,
        "5": 0.7166666666666667,
        "6": 0.6333333333333334,
        "7": 0.5166666666666667,
        "best_freq": [
            13,
            26
        ],
        "best_score": 0.7166666666666667
    },
    "MK": {
        "0": 0.5666666666666667,
        "1": 0.5,
        "2": 0.5166666666666667,
        "3": 0.5,
        "4": 0.35,
        "5": 0.85,
        "6": 0.9333333333333333,
        "7": 0.6166666666666667,
        "best_freq": [
            8,
            26
        ],
        "best_score": 0.9333333333333333
    },
    "NB": {
        "0": 0.5333333333333334,
        "1": 0.41666666666666663,
        "2": 0.5833333333333333,
        "3": 0.4166666666666667,
        "4": 0.5,
        "5": 0.95,
        "6": 0.9833333333333332,
        "7": 0.5666666666666667,
        "best_freq": [
            8,
            26
        ],
        "best_score": 0.9833333333333332
    },
    "NH": {
        "0": 0.4833333333333333,
        "1": 0.5666666666666667,
        "2": 0.5,
        "3": 0.4833333333333334,
        "4": 0.5,
        "5": 0.6333333333333333,
        "6": 0.65,
        "7": 0.4666666666666666,
        "best_freq": [
            8,
            26
        ],
        "best_score": 0.65
    },
    "NM": {
        "0": 0.6,
        "1": 0.5833333333333334,
        "2": 0.55,
        "3": 0.5666666666666667,
        "4": 0.5,
        "5": 0.5,
        "6": 0.4166666666666667,
        "7": 0.4333333333333334,
        "best_freq": [
            8,
            10
        ],
        "best_score": 0.6
    },
    "OK": {
        "0": 0.4333333333333334,
        "1": 0.4833333333333334,
        "2": 0.5833333333333333,
        "3": 0.4333333333333334,
        "4": 0.4833333333333334,
        "5": 0.9166666666666666,
        "6": 0.9666666666666666,
        "7": 0.65,
        "best_freq": [
            8,
            26
        ],
        "best_score": 0.9666666666666666
    },
    "SG": {
        "0": 0.5166666666666667,
        "1": 0.5166666666666667,
        "2": 0.45,
        "3": 0.5,
        "4": 0.5,
        "5": 0.4833333333333334,
        "6": 0.45,
        "7": 0.55,
        "best_freq": [
            10,
            16
        ],
        "best_score": 0.55
    }
}